<?xml version="1.0" encoding="UTF-8" standalone="yes"?>
<addon id="plugin.video.tvbreborn" name="TVB Streamz VOD" version="0.0.1" provider-name="elitt3r">
	<requires>
		<import addon="xbmc.python" version="2.19.0" />
		<import addon="script.module.nanscrapers" version="0.5.5" />
        <import addon="script.module.python.koding.aio" version="0.0.1"/>
	</requires>
	<extension point="xbmc.python.pluginsource" library="default.py">
		<provides>audio image executable video</provides>
	</extension>
	<extension point="xbmc.addon.metadata">
		<summary lang="en">TVB VOD</summary>
		<description lang="en">TVB Streamz VOD Addon</description>
		<platform>all</platform>
		<forum>http://www.noobsandnerds.com/support</forum>
		<website>www.noobsandnerds.com</website>
		<news></news>
		<genre>comedy,documentary,livetv,movies,music,radio,tvshows,usa</genre>
		<video_guide></video_guide>
		<video_preview></video_preview>
	</extension>
</addon>
